{
  "split_ratios": {
    "tmdb": 0.547568710359408,
    "douban": 0.4831858407079646
  },
  "col_ratios": {
    "sash0": 0.2899628252788104
  },
  "geometry": "990x820+588+78"
}