{
  "split_ratios": {
    "tmdb": 0.674937965260546,
    "douban": 0.4909090909090909,
    "mtime": 0.6252927400468384
  },
  "col_ratios": {
    "sash0": 0.3473861720067454,
    "sash1": 0.6779089376053963
  }
}