{
  "split_ratios": {
    "tmdb": 0.547568710359408,
    "douban": 0.4849445324881141
  },
  "col_ratios": {
    "sash0": 0.41750227894257064
  }
}